cve_ent_mun,poblacion,nombre
16046,15290,Juarez
16047,22358,Jungapeo
16048,5862,Lagunillas
16049,18769,Madero
5035,744247,Torreon
5036,23781,Viesca
7012,56971,Berriozabal
11038,12978,Tarandacuao
11039,36574,Tarimoro
11040,20238,Tierra Blanca
7061,100318,Ocozocoautla de Espinosa
7062,19969,Ostuacan
12009,5284,Atlamajalcingo del Monte
12010,28136,Atlixtac
12013,13164,Azoyu
7092,45447,Tecpatan
7093,47721,Tenejapa
7094,47217,Teopisca
7096,85507,Tila
7097,97839,Tonala
7098,7894,Totolapa
7099,85344,La Trinitaria
7100,37381,Tumbala
13047,5354,Pacula
8054,8290,Riva Palacio
8055,18394,Rosales
8056,2182,Rosario
13061,58776,Tepeapulco
14011,5921,Atengo
14051,19203,Juanacatlan
10037,9849,Topia
14120,1433360,Zapopan
14121,31317,Zapotiltic
14122,7479,Zapotitlan de Vadillo
14123,19347,Zapotlan del Rey
14124,72439,Zapotlanejo
13071,10933,Tlahuiltepa
13072,11165,Tlanalapa
15021,41717,Coatepec Harinas
15029,226911,Chicoloapan
15075,29145,San Martin de las Piramides
17024,55553,Tlaltizapan de Zapata
17025,36147,Tlaquiltenango
19002,2599,Agualeguas
19003,1506,Los Aldamas
19004,38297,Allende
19005,19976,Anahuac
19009,105145,Cadereyta Jimenez
19011,8324,Cerralvo
19012,50563,Cienega de Flores
19013,11962,China
19014,37859,Doctor Arroyo
19015,1845,Doctor Coss
19031,396864,Juarez
19032,5783,Lampazos de Naranjo
19033,88689,Linares
19034,6199,Marin
20028,21913,Heroica Ciudad de Ejutla de Crespo
19037,5882,Mina
19038,67657,Montemorelos
19039,1124835,Monterrey
19048,322051,Santa Catarina
19049,46955,Santiago
19050,1942,Vallecillo
19051,4567,Villaldama
20068,22936,Ocotlan de Morelos
20002,47616,Acatlan de Perez Figueroa
20031,7677,Tamazulapam del Espiritu Santo
20005,15831,Asuncion Ixtaltepec
20006,19655,Asuncion Nochixtlan
20008,804,Asuncion Tlacolulita
20009,7452,Ayotzintepec
20010,14895,El Barrio de la Soledad
20012,10829,Candelaria Loxicha
20015,4738,Coatecas Altas
20018,826,Concepcion Buenavista
20113,3072,San Baltazar Loxicha
20036,5479,Guevea de Humboldt
20039,81271,Heroica Ciudad de Huajuapan de Leon
20041,32459,Huautla de Jimenez
20042,8521,Ixtlan de Juarez
20043,103241,Heroica Ciudad de Juchitan de Zaragoza
20044,44584,Loma Bonita
20059,45679,Miahuatlan de Porfirio Diaz
20073,34568,Putla Villa de Guerrero
20093,505,San Andres Lagunas
20198,30815,San Juan Guichicovi
20085,25684,San Agustin Loxicha
20098,4590,San Andres Teotilalpam
20104,2788,San Antonino el Alto
20205,17579,San Juan Lalana
20207,19226,San Juan Mazatlan
20152,2357,San Francisco Tlapancingo
20161,2688,San Jeronimo Sosola
20175,1652,San Juan Bautista Atatlahuca
20141,8091,San Francisco del Mar
20177,10341,San Juan Bautista Cuicatlan
20147,387,San Francisco NuxaÃ±o
20149,1773,San Francisco Sola
20155,1007,San Ildefonso Sola
20156,3537,San Ildefonso Villa Alta
20159,5501,San Jeronimo Coatlan
20164,2937,San Jorge Nuchita
20184,170588,San Juan Bautista Tuxtepec
20185,9264,San Juan Cacahuatepec
20186,598,San Juan Cieneguilla
20190,24519,San Juan Cotzocon
20211,2780,San Juan Ozolotepec
20212,3041,San Juan Petlapa
20213,4145,San Juan Quiahije
20214,2135,San Juan Quiotepec
20202,4968,San Juan Lachao
20217,3079,San Juan Tamazola
20515,68052,Santo Domingo Tehuantepec
20526,18273,Santos Reyes Nopala
20457,3279,Santiago Camotlan
20229,8520,San Lorenzo Texmelucan
20230,1010,San Lorenzo Victoria
20232,21069,San Lucas Ojitlan
20277,12703,Villa Sola de Vega
20278,40476,San Miguel Soyaltepec
20279,2833,San Miguel Suchixtepec
20261,7808,San Miguel Amatitlan
20272,6768,San Miguel Panixtlahuaca
20273,3463,San Miguel Peras
20275,8512,San Miguel Quetzaltepec
20290,1043,San Nicolas Hidalgo
20291,4369,San Pablo Coatlan
20549,11399,Villa Tezoatlan de Segura y Luna
20306,3781,San Pedro el Alto
20309,11804,San Pedro Ixcatlan
20334,47281,Villa de Tututepec de Melchor Ocampo
20318,51195,San Pedro Mixtepec Distrito 22
20324,49364,San Pedro Pochutla
20337,5406,San Pedro y San Pablo Ayutla
20340,1778,San Pedro y San Pablo Tequixtepec
20341,239,San Pedro Yucunama
26024,817,Divisaderos
26025,60631,Empalme
26026,66633,Etchojoa
20364,16319,Santa Catarina Juquila
20366,3973,Santa Catarina Loxicha
20401,25179,Santa Maria Colotepec
20371,1095,Santa Catarina Ticua
20377,11961,Santa Cruz Itundujia
20378,3654,Santa Cruz Mixtepec
20385,98970,Santa Cruz Xoxocotlan
20386,19026,Santa Cruz Zenzontepec
20389,945,Santa Ines Yatzeche
20394,2898,Santa Maria Alotepec
20397,42679,Heroica Ciudad de Tlaxiaco
20406,21031,Santa Maria Chilchotla
20407,9380,Santa Maria Chimalapa
20410,3508,Santa Maria Ecatepec
20413,46818,Santa Maria Huatulco
20417,9625,Santa Maria Jacatepec
20424,3970,Santa Maria Ozolotepec
20426,8781,Santa Maria PeÃ±oles
20427,17112,Santa Maria Petapa
20435,3902,Santa Maria Tepantlali
20447,16538,Santa Maria Zacatepec
20450,13114,Santiago Amoltepec
20459,4627,Santiago Chazumba
20460,5338,Santiago Choapam
20466,13319,Santiago Ixtayutla
20467,19738,Santiago Jamiltepec
20470,4862,Santiago Lachiguiri
20477,1440,Santiago Minas
20479,211,Santiago Nejapilla
20481,1805,Santiago Nuyoo
20484,4623,Santiago Tamazola
20498,7104,Santiago Yaveo
20492,3014,Santiago Tilantongo
20495,3106,Santiago Xanica
20500,8672,Santiago Yosondua
20513,9495,Santo Domingo Petapa
20543,5999,Tataltepec de Valdes
21017,30052,Atempan
21018,4005,Atexcal
21019,143903,Atlixco
21071,111389,Huauchinango
21072,19663,Huehuetla
21022,12950,Atzitzihuacan
21023,9727,Atzitzintla
21024,981,Axutla
21025,9105,Ayotoxco de Guerrero
21026,15345,Calpan
21027,4148,Caltepec
21031,3119,Coatzingo
21032,1415,Cohetzala
21033,5174,Cohuecan
21035,21827,Coxcatlan
21036,14840,Coyomeapan
21037,2449,Coyotepec
21081,3798,Ixcamilpa de Guerrero
21082,9411,Ixcaquixtla
21083,25772,Ixtacamaxtitlan
21092,5578,Juan N. Mendez
21093,8243,Lafragua
21094,36010,Libres
21096,3005,Mazapiltepec de Juarez
21098,6574,Molcaxac
21126,6639,San Jeronimo Tecuanipan
21127,3675,San Jeronimo Xayacatlan
21128,9309,San Jose Chiapa
21129,14148,San Jose Miahuatlan
21130,3545,San Juan Atenco
21119,154192,San Andres Cholula
21120,5871,San Antonio CaÃ±ada
21121,1267,San Diego la Mesa Tochimiltzingo
21122,11025,San Felipe Teotlalcingo
21123,4143,San Felipe Tepatlan
21145,14734,San Sebastian Tlacotepec
21146,853,Santa Catarina Tlaltempan
21147,6712,Santa Ines Ahuatempan
21148,9425,Santa Isabel Cholula
21149,27176,Santiago Miahuatlan
21150,7648,Huehuetlan el Grande
22003,14789,Arroyo Seco
23007,31385,Lazaro Cardenas
23008,239850,Solidaridad
23009,36866,Tulum
24008,22722,Cerritos
24009,4762,Cerro de San Pedro
24010,35725,Ciudad del Maiz
24011,47527,Ciudad Fernandez
24012,21674,Tancanhuitz
24013,187772,Ciudad Valles
24015,21918,Charcas
24016,45721,Ebano
24017,27705,Guadalcazar
24019,5775,Lagunillas
24046,18602,Villa de Arriaga
24047,10198,Villa de Guadalupe
24051,15552,Villa Hidalgo
24052,10605,Villa Juarez
24053,38871,Axtla de Terrazas
24057,32154,Matlapa
26006,2958,Arizpe
26008,1220,Bacadehuachi
26022,1066,Cucurpe
26029,171035,Guaymas
26033,86918,Huatabampo
26036,33896,Magdalena
26040,2172,Nacori Chico
26045,2949,Opodepe
26051,5488,Rosario
26052,6122,Sahuaripa
26055,206982,San Luis Rio Colorado
26062,1222,Suaqui Grande
26064,1763,Trincheras
26058,17813,Santa Ana
28037,26467,Soto la Marina
28038,334535,Tampico
28039,30885,Tula
29015,41831,Ixtacuixtla de Mariano Matamoros
29016,7759,Ixtenco
29017,11601,Mazatecochco de Jose Maria Morelos
29018,41267,Contla de Juan Cuamatzi
26069,6387,Yecora
26071,23843,Benito Juarez
26072,15677,San Ignacio Rio Muerto
27001,64346,Balancan
28005,4735,Burgos
28007,16332,Camargo
28008,4410,Casas
28010,1998,Cruillas
28011,9689,Gomez Farias
28012,46374,Gonzalez
28013,16524,GÃ¼emez
28014,4786,Guerrero
28015,16640,Gustavo Diaz Ordaz
28016,24504,Hidalgo
29055,3328,San Lucas Tecopilco
30012,8469,Amatitlan
30013,30103,Naranjos Amatlan
30014,48007,Amatlan de los Reyes
30015,35909,Angel R. Cabada
30016,28481,La Antigua
30017,4288,Apazapan
30093,17572,Jilotepec
30094,41108,Juan Rodriguez Clara
30095,16662,Juchique de Ferrer
29020,10588,Sanctorum de Lazaro Cardenas
29021,19402,Nanacamilpa de Mariano Arista
29022,6934,Acuamanala de Miguel Hidalgo
29023,27294,Nativitas
29024,29017,Panotla
29025,82542,San Pablo del Monte
29026,22062,Santa Cruz Tlaxcala
30097,20987,Lerdo de Tejada
29028,26065,Teolocholco
29029,14396,Tepeyanco
29030,16330,Terrenate
29031,34866,Tetla de la Solidaridad
29032,15237,Tetlatlahuca
29033,103435,Tlaxcala
29043,41773,Yauhquemehcan
29044,47148,Zacatelco
30177,11825,Tlacolulan
30178,14121,Tlacotalpan
30179,4156,Tlacotepec de Mejia
30180,12158,Tlachichilco
30181,40083,Tlalixcoyan
30182,19767,Tlalnelhuayocan
30183,65087,Tlapacoyan
30184,8035,Tlaquilpa
29046,4836,Emiliano Zapata
29050,11502,San Francisco Tetlanohcan
29052,6421,San Jose Teacalco
30001,9131,Acajete
30019,6685,Astacinga
30020,11318,Atlahuilco
30021,25040,Atoyac
30022,22414,Atzacan
30023,52831,Atzalan
30024,16443,Tlaltetela
30025,28005,Ayahualulco
30026,24692,Banderilla
30042,5902,Colipa
30043,21159,Comapa
30044,228703,Cordoba
30045,59870,Cosamaloapan de Carpio
30046,17107,Cosautlan de Carvajal
30047,60872,Coscomatepec
30048,145830,Cosoleacaque
30049,21972,Cotaxtla
30050,17506,Coxquihui
30051,23502,Coyutla
30052,12835,Cuichapa
30053,29555,Cuitlahuac
30054,13110,Chacaltianguis
30055,14137,Chalma
30056,7031,Chiconamel
30065,84197,Emiliano Zapata
30066,28537,Espinal
30067,19443,Filomeno Mata
30068,70428,Fortin
30069,25874,Gutierrez Zamora
30070,19739,Hidalgotitlan
30071,63649,Huatusco
30072,22587,Huayacocotla
30073,45332,Hueyapan de Ocampo
30099,18845,Maltrata
30100,24849,Manlio Fabio Altamirano
30101,38503,Mariano Escobedo
30102,111164,Martinez de la Torre
30103,12950,Mecatlan
30104,17526,Mecayapan
30105,83280,Medellin
30106,4928,Miahuatlan
30117,25159,Omealca
30121,24470,Ozuluama de MascareÃ±as
30122,18172,Pajapan
30123,105926,Panuco
30124,166496,Papantla
30132,20667,Las Vigas de Ramirez
30137,6200,Los Reyes
30139,6526,Saltabarranca
30186,7326,Tomatlan
30187,6001,Tonayan
30188,18306,Totutla
30189,169763,Tuxpan
30191,32478,Ursulo Galvan
30195,5685,Xoxocotla
30200,14056,Zentla
30201,45823,Zongolica
30202,15258,Zontecomatlan de Lopez y Fuentes
30203,15708,Zozocolco de Hidalgo
30204,50680,Agua Dulce
30205,20600,El Higo
30207,48712,Tres Valles
30208,25991,Carlos A. Carrillo
30209,16248,Tatahuicapan de Juarez
30210,30449,Uxpanapa
30211,31464,San Rafael
30212,15037,Santiago Sochiapan
31006,9560,Buctzotz
31050,963861,Merida
31008,4328,Calotmul
31011,8260,Celestun
31058,26894,Peto
31059,63037,Progreso
31017,4896,Chankom
31019,39000,Chemax
31065,2072,San Felipe
31028,2892,Dzilam de Bravo
31029,6543,Dzilam Gonzalez
31030,4034,Dzitas
31032,17300,Espita
31036,8243,Homun
31040,28872,Izamal
31047,6001,Mani
31052,39052,Motul
31101,58139,Uman
31102,86205,Valladolid
31061,3811,Rio Lagartos
32037,18789,Panuco
32038,76871,Pinos
32039,67507,Rio Grande
32040,23283,Sain Alto
31066,4278,Santa Elena
31067,10360,Seye
31069,9485,Sotuta
31071,1825,Sudzal
31079,45441,Tekax
31081,3443,Tekom
31084,7746,Temax
31085,16593,Temozon
31089,42960,Ticul
31091,12771,Tinum
31092,7614,Tixcacalcupul
31093,19340,Tixkokob
31096,82742,Tizimin
31098,15686,Tzucacab
31099,4368,Uayma
31104,16313,Yaxcaba
32001,6342,Apozol
32002,5097,Apulco
32042,65330,Sombrerete
32043,1429,Susticacan
32044,16372,Tabasco
32045,9180,Tepechitlan
32046,7483,Tepetongo
32047,5172,Teul de Gonzalez Ortega
32048,28112,Tlaltenango de Sanchez Roman
32049,34792,Valparaiso
32050,10536,Vetagrande
32051,37099,Villa de Cos
1001,961977,Aguascalientes
1002,50864,Asientos
1003,60760,Calvillo
1008,9661,San Jose de Gracia
1009,22743,Tepezala
1010,21947,El Llano
1011,51568,San Francisco de los Romo
2001,536143,Ensenada
2002,1087478,Mexicali
2003,113857,Tecate
2004,1789531,Tijuana
2005,107859,Playas de Rosarito
3001,83051,Comondu
3002,67727,Mulege
3003,301961,La Paz
3008,330312,Los Cabos
3009,21657,Loreto
4001,63298,Calkini
4002,317424,Campeche
4003,275478,Carmen
4004,99945,Champoton
4005,34683,Hecelchakan
7046,43292,Jiquipilas
7112,37811,San Juan Cancuc
17004,91043,Ayala
18006,31770,Ixtlan del Rio
13018,25460,Chapulhuacan
16015,18450,Coalcoman de Vazquez Pallares
16016,21736,Coeneo
16017,35877,Contepec
16018,9487,Copandaro
1004,16918,Cosio
1005,130184,Jesus Maria
1006,50032,Pabellon de Arteaga
1007,57981,Rincon de Romos
4006,44051,Hopelchen
4007,9868,Palizada
4008,11930,Tenabo
4009,63495,Escarcega
5002,163157,AcuÃ±a
16041,15916,Irimbo
16042,13523,Ixtlan
16043,72669,Jacona
16044,13350,Jimenez
16067,17752,Penjamillo
16092,14082,Tiquicheo de Nicolas Romero
16109,3343,Zinaparo
8030,8603,Guazapares
18010,37093,Rosamorada
14119,30432,Zacoalco de Torres
16019,19674,Cotija
16020,31334,Cuitzeo
16021,13006,Charapan
16022,23273,Charo
15115,54531,Xonacatlan
4010,31723,Calakmul
4011,48722,Candelaria
5001,1130,Abasolo
5003,24705,Allende
5004,25477,Arteaga
5005,1945,Candela
5006,30568,CastaÃ±os
5019,9430,Morelos
5020,75647,Muzquiz
16045,34725,Jiquilpan
5007,14623,Cuatro Cienegas
16050,92676,Maravatio
16051,14517,Marcos Castellanos
16052,192153,Lazaro Cardenas
16053,825585,Morelia
20049,1209,Magdalena Ocotlan
16088,119032,Tarimbaro
16089,24911,Tepalcatepec
7072,35144,Pueblo Nuevo Solistahuacan
16112,172015,Zitacuaro
8048,25596,Namiquipa
11024,12620,Pueblo Nuevo
14006,64979,Ameca
5008,3353,Escobedo
5009,64483,Francisco I. Madero
5021,7152,Nadadores
16059,8480,Nuevo Urecho
16060,10290,Numaran
16061,25418,Ocampo
16062,20338,Pajacuaran
16063,16536,Panindicuaro
16064,27992,Paracuaro
16065,39341,Paracho
16066,98122,Patzcuaro
5010,87942,Frontera
5029,2614,Sacramento
5030,869184,Saltillo
5031,25820,San Buenaventura
5032,47315,San Juan de Sabinas
16068,29376,Periban
5011,13501,General Cepeda
5012,1964,Guerrero
7008,30925,Angel Albino Corzo
7009,44264,Arriaga
16069,110385,La Piedad
16070,16103,Purepero
16071,70372,Puruandiro
16072,14356,Querendaro
16073,29118,Quiroga
16074,10935,Cojumatlan de Regules
16075,73199,Los Reyes
16076,81371,Sahuayo
16077,18936,San Lucas
16078,13124,Santa Ana Maya
16079,51652,Salvador Escalante
16080,19980,Senguio
16081,9161,Susupuato
16082,81105,Tacambaro
16083,32707,Tancitaro
16084,30945,Tangamandapio
16085,35305,Tangancicuaro
16086,16286,Tanhuato
16087,15465,Taretan
5013,1888,Hidalgo
5014,10994,Jimenez
7036,7882,La Grandeza
7037,38185,Huehuetan
5015,1722,Juarez
5016,1984,Lamadrid
5017,119492,Matamoros
7038,25616,Huixtan
7039,25161,Huitiupan
7040,59209,Huixtla
7041,49602,La Independencia
7042,12317,Ixhuatan
7043,11777,Ixtacomitan
7044,29778,Ixtapa
7045,5988,Ixtapangajoya
5018,251346,Monclova
7047,22619,Jitotol
7048,23527,Juarez
7049,25725,Larrainzar
7050,5424,La Libertad
7051,51875,Mapastepec
7052,134759,Las Margaritas
16090,15878,Tingambato
16091,15337,TingÃ¼indin
5022,33101,Nava
5023,11628,Ocampo
7070,15501,El Porvenir
7071,31522,Villa Comaltitlan
5024,48694,Parras
5025,177255,Piedras Negras
7106,70992,Venustiano Carranza
7107,85784,Villa Corzo
7108,115691,Villaflores
7109,41655,Yajalon
7110,7896,San Lucas
7111,44824,Zinacantan
5026,3654,Progreso
5027,103252,Ramos Arizpe
16093,30331,Tlalpujahua
16094,6654,Tlazazalca
16095,12593,Tocumbo
16096,6992,Tumbiscatio
16097,32588,Turicato
16098,28471,Tuxpan
16099,15964,Tuzantla
16100,15139,Tzintzuntzan
16101,9026,Tzitzio
16102,354727,Uruapan
16103,26074,Venustiano Carranza
16104,17460,Villamar
16105,21677,Vista Hermosa
16106,33136,Yurecuaro
16107,79809,Zacapu
16108,207985,Zamora
5028,69500,Sabinas
16110,49471,Zinapecuaro
16111,18251,Ziracuaretiro
5033,117370,San Pedro
16113,27504,Jose Sixto Verduzco
17001,18861,Amacuzac
17002,24153,Atlatlahucan
17003,38236,Axochiapan
5034,7740,Sierra Mojada
17019,28871,Tepalcingo
12055,112561,Taxco de Alarcon
15051,159948,Lerma
16040,17595,Indaparapeo
5037,6859,Villa Union
7113,7152,Aldama
7114,21603,Benemerito de las Americas
5038,14203,Zaragoza
6001,32363,Armeria
6002,169188,Colima
6003,23902,Comala
6004,22167,Coquimatlan
6005,32829,Cuauhtemoc
6006,6078,Ixtlahuacan
6007,203306,Manzanillo
6008,9670,Minatitlan
6009,134631,Tecoman
6010,151019,Villa de Alvarez
7001,19856,Acacoyagua
7002,34494,Acala
7003,31069,Acapetahua
7004,35982,Altamirano
7005,21836,Amatan
8020,8541,Chinipas
8021,160245,Delicias
8022,2770,Dr. Belisario Dominguez
8023,7056,Galeana
8024,4293,Santa Isabel
8025,9599,Gomez Farias
8026,2787,Gran Morelos
8027,49926,Guachochi
8028,5080,Guadalupe
8029,58658,Guadalupe y Calvo
7006,33860,Amatenango de la Frontera
8031,42409,Guerrero
8032,117624,Hidalgo del Parral
8033,1070,Huejotitan
8034,7488,Ignacio Zaragoza
8035,11778,Janos
8036,45709,Jimenez
8037,1464930,Juarez
8038,4913,Julimes
8039,4342,Lopez
8040,30936,Madera
8041,1731,Maguarichi
8042,1562,Manuel Benavides
8043,3306,Matachi
8044,4847,Matamoros
8045,48242,Meoqui
8046,8309,Morelos
8047,5520,Moris
7007,10779,Amatenango del Valle
7010,8324,Bejucal de Ocampo
8049,2831,Nonoava
8050,67320,Nuevo Casas Grandes
8051,7989,Ocampo
8052,29996,Ojinaga
17009,20372,Huitzilac
17010,18361,Jantetelco
17011,227649,Jiutepec
17012,61366,Jojutla
17013,16732,Jonacatepec
17014,10691,Mazatepec
17015,28263,Miacatlan
17016,19683,Ocuituco
17017,70917,Puente de Ixtla
17018,123812,Temixco
7011,22028,Bella Vista
7013,38101,Bochil
7014,24374,El Bosque
7015,50439,Cacahoatan
7016,19006,Catazaja
7017,93518,Cintalapa
7018,10035,Coapilla
7019,170498,Comitan de Dominguez
7020,50535,La Concordia
7021,24030,Copainala
7022,18016,Chalchihuitan
7023,95357,Chamula
9013,418060,Xochimilco
17020,51373,Tepoztlan
17021,8326,Tetecala
17022,22015,Tetela del Volcan
20050,3644,Magdalena PeÃ±asco
10010,4165,Hidalgo
7024,13332,Chanal
7025,8248,Chapultenango
7026,43453,Chenalho
7027,111223,Chiapa de Corzo
7028,6406,Chiapilla
10003,4649,Coneto de Comonfort
10004,37479,Cuencame
10005,695597,Durango
10006,10812,General Simon Bolivar
10007,369760,Gomez Palacio
10008,37792,Guadalupe Victoria
10009,10512,Guanacevi
7029,5605,Chicoasen
7030,38122,Chicomuselo
7031,140023,Chilon
7032,34628,Escuintla
10011,5392,Inde
10012,164763,Lerdo
10013,28301,Mapimi
10014,40593,Mezquital
10015,13877,Nazas
10016,20881,Nombre de Dios
10017,10333,Ocampo
10018,12281,El Oro
10019,5513,Otaez
10020,12907,Panuco de Coronado
10021,11538,PeÃ±on Blanco
10022,26935,Poanas
10023,53006,Pueblo Nuevo
10024,14407,Rodeo
10025,3459,San Bernardo
10026,20114,San Dimas
10027,5917,San Juan de Guadalupe
10028,13310,San Juan del Rio
18003,12736,Amatlan de CaÃ±as
18004,81920,Compostela
18005,13540,Huajicori
7033,8278,Francisco Leon
7034,80805,Frontera Comalapa
7035,15741,Frontera Hidalgo
10033,6766,Suchil
10034,27368,Tamazula
10035,11545,Tepehuanes
18007,20016,Jala
18008,62038,Xalisco
18009,45317,Del Nayar
7053,8552,Mazapa de Madero
11010,12998,Coroneo
11011,101319,Cortazar
11012,29959,Cueramaro
11013,25606,Doctor Mora
11014,160771,Dolores Hidalgo Cuna de la Independencia Nacional
11015,198035,Guanajuato
11016,22612,Huanimaro
11017,610700,Irapuato
11018,41154,Jaral del Progreso
11019,51332,Jerecuaro
11020,1679610,Leon
11021,54378,Moroleon
11022,24758,Ocampo
11023,159968,Penjamo
7054,31856,Mazatan
11025,86012,Purisima del Rincon
11026,62603,Romita
11027,293293,Salamanca
11028,106978,Salvatierra
11029,41588,San Diego de la Union
11030,118417,San Felipe
11031,125904,San Francisco del Rincon
11032,83562,San Jose Iturbide
11033,127678,San Luis de la Paz
11034,5584,Santa Catarina
11035,88644,Santa Cruz de Juventino Rosas
11036,7327,Santiago Maravatio
11037,201020,Silao de la Victoria
7055,6191,Metapa
11041,67184,Uriangato
11042,153094,Valle de Santiago
11043,21521,Victoria
11044,62918,Villagran
11045,12285,Xichu
11046,73948,Yuriria
12001,840795,Acapulco de Juarez
12002,27366,Ahuacuotzingo
12003,38895,Ajuchitlan del Progreso
12004,20112,Alcozauca de Guerrero
18011,26928,Ruiz
18012,48024,San Blas
18013,8231,San Pedro Lagunillas
18014,25510,Santa Maria del Oro
18015,106038,Santiago Ixcuintla
18016,43043,Tecuala
18017,445889,Tepic
18018,33358,Tuxpan
18019,14962,La Yesca
18020,174510,Bahia de Banderas
20051,4782,Magdalena Teitipac
13028,139683,Huejutla de Reyes
15013,557108,Atizapan de Zaragoza
16031,17519,Epitacio Huerta
7056,13286,Mitontic
7057,79732,Motozintla
12005,6959,Alpoyeca
12006,11719,Apaxtla
7058,4726,Nicolas Ruiz
7059,239322,Ocosingo
12007,32547,Arcelia
12008,8914,Atenango del Rio
7060,13773,Ocotepec
12011,62574,Atoyac de Alvarez
12012,70242,Ayutla de los Libres
12014,15926,Benito Juarez
12015,13737,Buenavista de Cuellar
12016,12661,Coahuayutla de Jose Maria Izazaga
12017,14050,Cocula
12018,14641,Copala
12019,15096,Copalillo
12020,20779,Copanatoyac
12021,78931,Coyuca de Benitez
12022,40408,Coyuca de Catalan
12023,27919,Cuajinicuilapa
14041,6197,Huejucar
26013,1797,Banamichi
18002,17226,Ahuacatlan
7063,4110,Osumacinta
7064,51731,Oxchuc
7065,131491,Palenque
7066,24107,Pantelho
7067,13370,Pantepec
7068,34340,Pichucalco
7069,58167,Pijijiapan
12053,50859,San Marcos
12054,28289,San Miguel Totolapan
7073,10564,Rayon
7074,49480,Reforma
7075,30874,Las Rosas
7076,29348,Sabanilla
7077,68779,Salto de Agua
7078,231345,San Cristobal de las Casas
7079,42939,San Fernando
7080,39536,Siltepec
7081,48046,Simojovel
7082,15524,Sitala
7083,20161,Socoltenango
7084,8812,Solosuchiapa
7085,11749,Soyalo
7086,26510,Suchiapa
7087,42201,Suchiate
7088,2601,Sunuapa
7089,384312,Tapachula
7090,4346,Tapalapa
12056,47593,Tecoanapa
12057,66974,Tecpan de Galeana
12058,59123,Teloloapan
12059,32914,Tepecoacuilco de Trujano
12060,14890,Tetipac
12061,44479,Tixtla de Guerrero
12062,24221,Tlacoachistlahuaca
12063,10420,Tlacoapa
12064,12711,Tlalchapa
19024,6604,General Zaragoza
19025,91913,General Zuazua
7091,14197,Tapilula
7101,662591,Tuxtla Gutierrez
7102,45900,Tuxtla Chico
7103,34867,Tuzantan
7104,16874,Tzimol
12071,30222,Xochistlahuaca
12072,12587,Zapotitlan Tablas
12073,18228,Zirandaro
12074,23871,Zitlala
12075,52924,Eduardo Neri
12076,38738,Acatepec
12077,14269,Marquelia
12078,19337,Cochoapa el Grande
12079,17905,Jose Joaquin de Herrera
19026,710413,Guadalupe
19027,1998,Los Herreras
19028,1712,Higueras
14050,49419,Jocotepec
16005,11768,Angangueo
7105,16780,Union Juarez
7115,13755,Maravilla Tenejapa
7116,12226,Marques de Comillas
13019,19638,Chilcuautla
13020,2972,Eloxochitlan
13021,15803,Emiliano Zapata
13022,16053,Epazoyucan
13023,38879,Francisco I. Madero
13024,19077,Huasca de Ocampo
13025,23193,Huautla
13026,15009,Huazalingo
13027,27313,Huehuetla
7117,8367,Montecristo de Guerrero
13029,49792,Huichapan
13030,99735,Ixmiquilpan
13031,14478,Jacala de Ledezma
13032,12806,Jaltocan
13033,3412,Juarez Hidalgo
13034,10256,Lolotla
13035,12508,Metepec
13036,10333,San Agustin Metzquititlan
13037,22194,Metztitlan
13038,9665,Mineral del Chico
13039,15737,Mineral del Monte
13040,10915,La Mision
13041,49931,Mixquiahuala de Juarez
13042,12518,Molango de Escamilla
13043,7394,Nicolas Flores
13044,18122,Nopala de Villagran
13045,10555,Omitlan de Juarez
13046,41749,San Felipe Orizatlan
13048,280312,Pachuca de Soto
13049,18829,Pisaflores
13050,25375,Progreso de Obregon
13051,185907,Mineral de la Reforma
13052,39180,San Agustin Tlaxiaca
13053,20082,San Bartolo Tutotepec
13054,37993,San Salvador
13055,18386,Santiago de Anaya
13056,40098,Santiago Tulantepec de Lugo Guerrero
13057,17377,Singuilucan
13058,17607,Tasquillo
13059,40515,Tecozautla
7118,5845,San Andres Duraznal
7119,3975,Santiago el Pinar
8001,12953,Ahumada
8002,26197,Aldama
8003,9453,Allende
13060,19646,Tenango de Doria
8004,19050,Aquiles Serdan
8005,26409,Ascension
8006,6729,Bachiniva
8007,17825,Balleza
8008,12939,Batopilas
8009,29835,Bocoyna
8010,25001,Buenaventura
8011,55255,Camargo
8012,10083,Carichi
8013,12143,Casas Grandes
8014,2364,Coronado
8015,1819,Coyame del Sotol
8016,4226,La Cruz
8017,181552,Cuauhtemoc
8018,5098,Cusihuiriachi
8019,949395,Chihuahua
8053,5140,Praxedis G. Guerrero
13062,32819,Tepehuacan de Guerrero
13063,93651,Tepeji del Rio de Ocampo
13064,11792,Tepetitlan
11009,87191,Comonfort
8057,2445,San Francisco de Borja
8058,2830,San Francisco de Conchos
8059,5502,San Francisco del Oro
14007,9961,San Juanito de Escobedo
14008,80444,Arandas
14009,21022,El Arenal
14010,7149,Atemajac de Brizuela
14012,4257,Atenguillo
14013,64746,Atotonilco el Alto
14014,8721,Atoyac
14015,65556,Autlan de Navarro
14016,40681,Ayotlan
14017,13379,Ayutla
14018,69931,La Barca
14019,8193,BolaÃ±os
14020,11100,Cabo Corrientes
14021,23230,Casimiro Castillo
14022,44108,Cihuatlan
14023,113944,Zapotlan el Grande
14024,28567,Cocula
14025,19292,Colotlan
14026,6561,Concepcion de Buenos Aires
14027,19139,Cuautitlan de Garcia Barragan
14028,2302,Cuautla
14029,19373,Cuquio
14030,54828,Chapala
14031,3582,Chimaltitan
14032,6470,Chiquilistlan
8060,11572,Santa Barbara
8061,3381,Satevo
8062,34050,Saucillo
8063,7001,Temosachic
8064,1830,El Tule
8065,22257,Urique
8066,6630,Uruachi
8067,5651,Valle de Zaragoza
14033,22848,Degollado
14034,2058,Ejutla
14035,57255,Encarnacion de Diaz
14036,21176,Etzatlan
14037,26326,El Grullo
14038,4536,Guachinango
14039,1503505,Guadalajara
14040,10988,Hostotipaquillo
9002,408441,Azcapotzalco
9003,621952,Coyoacan
9004,199809,Cuajimalpa de Morelos
9005,1176967,Gustavo A. Madero
9006,393821,Iztacalco
9007,1815551,Iztapalapa
9008,245147,La Magdalena Contreras
14042,9449,Huejuquilla el Alto
14043,26051,La Huerta
14044,59970,Ixtlahuacan de los Membrillos
14045,20383,Ixtlahuacan del Rio
14046,36081,Jalostotitlan
14047,26504,Jamay
14048,20395,Jesus Maria
14049,10149,Jilotlan de los Dolores
9009,139371,Milpa Alta
9010,755537,Alvaro Obregon
9011,366586,Tlahuac
9012,682234,Tlalpan
9014,433708,Benito Juarez
14052,6021,Juchitlan
14053,175696,Lagos de Moreno
14054,5896,El Limon
14055,24117,Magdalena
14056,2224,Santa Maria del Oro
14057,4033,La Manzanilla de la Paz
14058,15635,Mascota
14059,14962,Mazamitla
14060,5470,Mexticacan
14061,20751,Mezquitic
14062,3772,Mixtlan
14063,106059,Ocotlan
14064,34061,Ojuelos de Jalisco
14065,12017,Pihuamo
14066,55191,Poncitlan
12052,45121,San Luis Acatlan
9015,548606,Cuauhtemoc
9016,379624,Miguel Hidalgo
14067,299434,Puerto Vallarta
14068,11662,Villa Purificacion
14069,8797,Quitupan
14070,200159,El Salto
14071,3155,San Cristobal de la Barranca
14072,7699,San Diego de Alejandria
14073,74195,San Juan de los Lagos
14074,16999,San Julian
9017,433231,Venustiano Carranza
10001,34749,Canatlan
10002,4816,Canelas
10029,2258,San Luis del Cordero
10030,1631,San Pedro del Gallo
10031,7509,Santa Clara
10032,51125,Santiago Papasquiaro
10036,24946,Tlahualilo
14075,4054,San Marcos
14076,3259,San Martin de BolaÃ±os
14077,29493,San Martin Hidalgo
14078,35081,San Miguel el Alto
14079,15352,Gomez Farias
14080,5954,San Sebastian del Oeste
14081,3407,Santa Maria de los Angeles
14082,39384,Sayula
14083,85654,Tala
14084,16034,Talpa de Allende
14085,41130,Tamazula de Gordiano
14086,20647,Tapalpa
14087,17722,Tecalitlan
14088,18483,Tecolotlan
14089,3994,Techaluta de Montenegro
14090,7500,Tenamaxtlan
14091,44188,Teocaltiche
14092,11168,Teocuitatlan de Corona
14093,151133,Tepatitlan de Morelos
14094,44789,Tequila
14095,10327,Teuchitlan
14096,22538,Tizapan el Alto
14097,644175,Tlajomulco de ZuÃ±iga
14098,708568,San Pedro Tlaquepaque
14099,10926,Toliman
14100,37913,Tomatlan
14101,577668,Tonala
14102,6417,Tonaya
14103,8426,Tonila
14104,4691,Totatiche
14105,24685,Tototlan
14106,4628,Tuxcacuesco
14107,6681,Tuxcueca
14108,37226,Tuxpan
10038,23279,Vicente Guerrero
10039,28862,Nuevo Ideal
11001,95581,Abasolo
11002,118967,Acambaro
11003,183034,San Miguel de Allende
11004,72209,Apaseo el Alto
11005,99036,Apaseo el Grande
11006,5559,Atarjea
11007,530820,Celaya
11008,40608,Manuel Doblado
12024,7807,Cualac
12025,16569,Cuautepec
12026,8951,Cuetzala del Progreso
12027,20384,Cutzamala de Pinzon
12028,133299,Chilapa de Alvarez
12029,284330,Chilpancingo de los Bravo
12030,21527,Florencio Villarreal
12031,5936,General Canuto A. Neri
12032,37840,General Heliodoro Castillo
12033,15763,Huamuxtitlan
12034,38696,Huitzuco de los Figueroa
12035,158141,Iguala de la Independencia
12036,11614,Igualapa
12037,6451,Ixcateopan de Cuauhtemoc
12038,130796,Zihuatanejo de Azueta
12039,25742,Juan R. Escudero
12040,26857,Leonardo Bravo
12041,28166,Malinaltepec
12042,19306,Martir de Cuilapan
12043,19095,Metlatonoc
12044,13196,Mochitlan
12045,26372,Olinala
12046,69853,Ometepec
12047,7049,Pedro Ascencio Alquisiras
12048,45389,Petatlan
12049,13270,Pilcaya
12050,38809,Pungarabato
12051,36981,Quechultenango
12065,7626,Tlalixtaquilla de Maldonado
12066,93574,Tlapa de Comonfort
12067,22706,Tlapehuala
12068,26968,La Union de Isidoro Montes de Oca
12069,12255,Xalpatlahuac
12070,7398,Xochihuehuetlan
12080,7924,Juchitan
12081,11317,Iliatenco
13001,22119,Acatlan
13002,46234,Acaxochitlan
13003,61311,Actopan
13004,9705,Agua Blanca de Iturbide
13005,19882,Ajacuba
13006,22078,Alfajayucan
13007,13135,Almoloya
13008,48036,Apan
13009,20199,El Arenal
13010,32226,Atitalaquia
13011,21662,Atlapexco
13012,29469,Atotonilco el Grande
13013,41039,Atotonilco de Tula
13014,18680,Calnali
13015,19853,Cardonal
13016,62361,Cuautepec de Hinojosa
13017,14659,Chapantongo
13065,12533,Tetepango
13066,13444,Villa de Tezontepec
13067,57003,Tezontepec de Aldama
13068,16044,Tianguistengo
14109,19231,Union de San Antonio
14110,14444,Union de Tula
14111,7487,Valle de Guadalupe
14112,5902,Valle de Juarez
14113,17376,San Gabriel
14114,19122,Villa Corona
14115,5882,Villa Guerrero
14116,21795,Villa Hidalgo
14117,4441,CaÃ±adas de Obregon
14118,23957,Yahualica de Gonzalez Gallo
13069,137165,Tizayuca
13070,20742,Tlahuelilpan
13073,42175,Tlanchinol
15014,107378,Atlacomulco
15015,32674,Atlautla
15016,30040,Axapusco
15017,11081,Ayapango
15018,60309,Calimaya
15019,38196,Capulhuac
20440,858,Santa Maria Totolapilla
20441,9124,Santa Maria Xadani
13074,30727,Tlaxcoapan
13075,17698,Tolcayuca
13076,118824,Tula de Allende
13077,169624,Tulancingo de Bravo
13078,21234,Xochiatipan
13079,8289,Xochicoatlan
13080,26131,Yahualica
13081,37628,Zacualtipan de Angeles
13082,20402,Zapotlan de Juarez
13083,50540,Zempoala
13084,42586,Zimapan
14001,23033,Acatic
14002,24131,Acatlan de Juarez
14003,24796,Ahualulco de Mercado
14004,5840,Amacueca
14005,16451,Amatitan
14125,20202,San Ignacio Cerro Gordo
15001,69520,Acambay de Ruiz CastaÃ±eda
15002,186256,Acolman
15003,52173,Aculco
15004,15645,Almoloya de Alquisiras
15005,188124,Almoloya de Juarez
15044,29179,Jaltenco
15045,94893,Jilotepec
15046,20713,Jilotzingo
15047,79263,Jiquipilco
15048,70471,Jocotitlan
15049,14710,Joquicingo
15050,27241,Juchitepec
15006,12169,Almoloya del Rio
15007,25851,Amanalco
15008,28414,Amatepec
15009,54548,Amecameca
15010,31576,Apaxco
15011,70016,Atenco
15012,12511,Atizapan
15020,310743,Coacalco de Berriozabal
15052,29515,Malinalco
15022,15387,Cocotitlan
15023,44201,Coyotepec
15024,175004,Cuautitlan
15025,397344,Chalco
15026,30328,Chapa de Mota
15058,1135786,Nezahualcoyotl
20086,980,San Agustin Tlacotepec
15027,12986,Chapultepec
15063,36629,Ocuilan
15064,39551,El Oro
15065,38186,Otumba
15066,4236,Otzoloapan
15067,90805,Otzolotepec
15068,31154,Ozumba
15069,4367,Papalotla
15070,309596,La Paz
15071,15066,Polotitlan
15072,14608,Rayon
15073,31682,San Antonio la Isla
15074,139213,San Felipe del Progreso
15028,31803,Chiautla
15030,27570,Chiconcuac
15031,720207,Chimalhuacan
15032,36158,Donato Guerra
15033,1707754,Ecatepec de Morelos
15034,10090,Ecatzingo
15035,147326,Huehuetoca
15036,46742,Hueypoxtla
15037,290231,Huixquilucan
15038,12512,Isidro Fabela
15039,551034,Ixtapaluca
15040,38288,Ixtapan de la Sal
15041,7283,Ixtapan del Oro
15042,163284,Ixtlahuaca
15043,32120,Xalatlaco
15116,4358,Zacazonapan
15117,16080,Zacualpan
15118,201988,Zinacantepec
15119,17962,Zumpahuacan
15120,217166,Zumpango
15121,577190,Cuautitlan Izcalli
26011,1736,Bacoachi
26012,24900,Bacum
15053,61172,Melchor Ocampo
15054,246055,Metepec
15055,13744,Mexicaltzingo
15056,31832,Morelos
15057,910187,Naucalpan de Juarez
15059,43640,Nextlalpan
15060,441064,Nicolas Romero
15061,9753,Nopaltepec
15062,71711,Ocoyoacac
15076,80903,San Mateo Atenco
15077,6556,San Simon de Guerrero
15078,10262,Santo Tomas
15079,14339,Soyaniquilpan de Juarez
15080,28198,Sultepec
15081,500585,Tecamac
15082,79795,Tejupilco
26014,3676,Baviacora
15125,10960,Tonanitla
15098,5711,Texcalyacac
15099,262015,Texcoco
16009,38656,Ario
16010,22819,Arteaga
16011,11960,BriseÃ±as
16012,49450,Buenavista
16013,9652,Caracuaro
16014,15155,Coahuayana
15083,13690,Temamatla
15084,41685,Temascalapa
15085,67308,Temascalcingo
15086,34348,Temascaltepec
15087,109436,Temoaya
15088,105306,Tenancingo
15089,13344,Tenango del Aire
15090,92048,Tenango del Valle
16001,12019,Acuitzio
16002,15307,Aguililla
15091,69466,Teoloyucan
15092,60992,Teotihuacan
15093,33108,Tepetlaoxtoc
15094,21137,Tepetlixpa
15095,104335,Tepotzotlan
15096,39658,Tequixquiac
15097,20149,Texcaltitlan
16003,22905,Alvaro Obregon
16004,15851,Angamacutiro
15100,46527,Tezoyuca
15101,82457,Tianguistenco
15102,16819,Timilpan
15103,51370,Tlalmanalco
15104,756537,Tlalnepantla de Baz
15105,37531,Tlatlaya
15106,948950,Toluca
15107,13559,Tonatico
15108,160943,Tultepec
15109,556493,Tultitlan
15110,70192,Valle de Bravo
15111,54849,Villa de Allende
15112,50614,Villa del Carbon
15113,71710,Villa Guerrero
15114,110462,Villa Victoria
15122,419700,Valle de Chalco Solidaridad
15123,29784,Luvianos
15124,98957,San Jose del Rincon
16006,133955,Apatzingan
16032,16105,Erongaricuaro
16033,23887,Gabriel Zamora
16034,129114,Hidalgo
16035,35584,La Huacana
16036,12489,Huandacareo
16037,8412,Huaniqueo
16038,42622,Huetamo
16039,9250,Huiramba
16007,3432,Aporo
16008,26147,Aquila
16023,10785,Chavinda
16024,20016,Cheran
16025,41138,Chilchota
16026,5016,Chinicuila
16027,4567,Chucandiro
16028,5345,Churintzio
16029,15902,Churumuco
16030,13168,Ecuandureo
16054,7866,Morelos
16055,47864,Mugica
16056,29906,Nahuatzen
16057,8501,Nocupetaro
16058,20844,Nuevo Parangaricutiro
17005,10479,Coatlan del Rio
17006,208227,Cuautla
17007,399426,Cuernavaca
17008,106645,Emiliano Zapata
26015,1629,Bavispe
26016,5580,Benjamin Hill
17023,7714,Tlalnepantla
17026,19129,Tlayacapan
20053,1302,Magdalena Tlacotepec
26017,92177,Caborca
26018,468994,Cajeme
17027,12802,Totolapan
17028,74691,Xochitepec
17029,109914,Yautepec
17030,56334,Yecapixtla
17031,39137,Zacatepec
17032,10182,Zacualpan
17033,16954,Temoac
18001,40422,Acaponeta
19001,2918,Abasolo
19006,665734,Apodaca
19007,17800,Aramberri
19008,4384,Bustamante
19029,7746,Hualahuises
19010,47326,El Carmen
19016,3294,Doctor Gonzalez
19017,44989,Galeana
19018,300745,Garcia
19019,137614,San Pedro Garza Garcia
19020,6127,General Bravo
19021,466325,General Escobedo
19022,16283,General Teran
19023,1194,General TreviÃ±o
20021,16254,Cosolapa
20054,427,Magdalena Zahuatlan
20055,3682,Mariscala de Juarez
19030,3979,Iturbide
19035,1071,Melchor Ocampo
20027,2418,Chiquihuitlan de Benito Juarez
19036,7601,Mier y Noriega
19040,1083,Paras
19041,112583,Pesqueria
19042,5201,Los Ramones
20056,1497,Martires de Tacubaya
20057,40690,Matias Romero AvendaÃ±o
19043,2987,Rayones
19044,39096,Sabinas Hidalgo
19045,61868,Salinas Victoria
19046,474163,San Nicolas de los Garza
20063,4234,Nazareno Etla
20064,7729,Nejapa de Madero
19047,15902,Hidalgo
20001,1033,Abejones
20089,2199,San Andres Dinicuiti
20003,2176,Asuncion Cacalotepec
20030,9121,El Espinal
20004,1029,Asuncion Cuyotepeji
20007,2496,Asuncion Ocotlan
20011,1197,Calihuala
20033,2822,Guadalupe Etla
20013,3096,Cienega de Zimatlan
20014,30368,Ciudad Ixtepec
20016,10372,Coicoyan de las Flores
20017,3399,La CompaÃ±ia
20091,5655,San Andres Huayapam
20019,3078,Concepcion Papalo
20020,4086,Constancia del Rosario
20022,790,Cosoltepec
20023,22761,Cuilapam de Guerrero
20024,3804,Cuyamecalco Villa de Zaragoza
20025,12034,Chahuites
20112,2610,San Baltazar Chichicapam
20026,9427,Chalcatongo de Hidalgo
20281,312,San Miguel Tecomatlan
20029,4443,Eloxochitlan de Flores Magon
20196,435,San Juan Evangelista Analco
20032,1060,Fresnillo de Trujano
20117,2423,San Bartolome Loxicha
20034,1325,Guadalupe de Ramirez
20035,570,Guelatao de Juarez
20075,2896,Reforma de Pineda
20037,4554,Mesones Hidalgo
20118,2541,San Bartolome Quialana
20038,2021,Villa Hidalgo
20040,6449,Huautepec
20045,9300,Magdalena Apasco
20047,95,Santa Magdalena Jicotlan
20046,3311,Magdalena Jaltepec
20048,1401,Magdalena Mixtepec
20052,6361,Magdalena Tequisistlan
20058,13516,Mazatlan Villa de Flores
20060,2713,Mixistlan de la Reforma
20061,2846,Monjas
20062,626,Natividad
20065,1184,Ixpantepec Nieves
20066,5572,Santiago Niltepec
20067,258636,Oaxaca de Juarez
20069,2745,La Pe
20070,7201,Pinotepa de Don Luis
20071,2996,Pluma Hidalgo
20092,1666,San Andres Ixtlahuaca
20072,7071,San Jose del Progreso
20074,554,Santa Catarina Quioquitani
20076,3324,La Reforma
20078,1160,Rojas de Cuauhtemoc
20099,525,San Andres Tepetlapa
20077,4087,Reyes Etla
20197,3405,San Juan Guelavia
20079,92577,Salina Cruz
20081,1800,San Agustin Atenango
20080,1475,San Agustin Amatengo
20084,4278,San Agustin Etla
20082,4096,San Agustin Chayuco
20083,10151,San Agustin de las Juntas
20087,4610,San Agustin Yatareni
20090,6381,San Andres Huaxpaltepec
20088,2867,San Andres Cabecera Nueva
20094,1814,San Andres NuxiÃ±o
20100,462,San Andres Yaa
20101,735,San Andres Zabache
20095,4502,San Andres Paxtlan
20096,778,San Andres Sinaxtla
20097,1779,San Andres Solaga
20102,4838,San Andres Zautla
20103,6330,San Antonino Castillo Velasco
20204,673,San Juan Lajarcia
20105,7456,San Antonino Monte Verde
20106,269,San Antonio Acutla
20107,25602,San Antonio de la Cal
20108,4563,San Antonio Huitepec
20206,2497,San Juan de los Cues
20109,1279,San Antonio Nanahuatipam
20110,1631,San Antonio Sinicahua
20111,4460,San Antonio Tepetlapa
20114,678,San Baltazar Yatzachi el Bajo
20131,11119,San Dionisio Ocotepec
20115,10186,San Bartolo Coyotepec
20116,4660,San Bartolome Ayautla
20119,391,San Bartolome YucuaÃ±e
20120,316,San Bartolome Zoogocho
20452,4108,Santiago Apostol
20121,674,San Bartolo Soyaltepec
20122,678,San Bartolo Yautepec
20123,2790,San Bernardo Mixtepec
20124,18929,San Blas Atempa
20125,12562,San Carlos Yautepec
20199,642,San Juan Ihualtepec
20139,2140,San Francisco Chapulapa
20135,8185,San Felipe Tejalapam
20126,5419,San Cristobal Amatlan
20127,1147,San Cristobal Amoltepec
20153,5087,San Gabriel Mixtepec
20172,417,San Juan Achiutla
20128,1300,San Cristobal Lachirioag
20129,375,San Cristobal Suchixtlahuaca
20130,5370,San Dionisio del Mar
20132,1200,San Dionisio Ocotlan
20160,1414,San Jeronimo Silacayoapilla
20133,3894,San Esteban Atatlahuca
20134,29048,San Felipe Jalapa de Diaz
20136,12029,San Felipe Usila
20174,4207,Animas Trujano
20137,3509,San Francisco Cahuacua
20138,446,San Francisco Cajonos
20140,841,San Francisco Chindua
20176,2758,San Juan Bautista Coixtlahuaca
20142,1110,San Francisco Huehuetlan
20143,9296,San Francisco Ixhuatan
20144,1024,San Francisco Jaltepetongo
20145,4546,San Francisco Lachigolo
20146,3026,San Francisco Logueche
20223,483,San Juan Yatzona
20148,1973,San Francisco Ozolotepec
20150,13482,San Francisco Telixtlahuaca
20151,345,San Francisco Teopan
20154,2575,San Ildefonso Amatlan
20157,18293,San Jacinto Amilpas
20178,7863,San Juan Bautista Guelache
20158,2260,San Jacinto Tlacotepec
20162,2002,San Jeronimo Taviche
20179,1550,San Juan Bautista Jayacatlan
20249,3758,San Mateo Yoloxochitlan
20163,1669,San Jeronimo Tecoatl
20165,1594,San Jose Ayuquila
20187,2176,San Juan Coatzospam
20166,12573,San Jose Chiltepec
20167,2205,San Jose del PeÃ±asco
20168,1092,San Jose Estancia Grande
20263,3416,San Miguel Coatlan
20264,2223,San Miguel Chicahua
20169,3825,San Jose Independencia
20267,277,San Miguel del Rio
20170,3620,San Jose Lachiguiri
20171,18952,San Jose Tenango
20173,1540,San Juan Atepec
20180,2653,San Juan Bautista Lo de Soto
20188,10329,San Juan Colorado
20181,458,San Juan Bautista Suchitepec
20191,344,San Juan Chicomezuchil
20182,2248,San Juan Bautista Tlacoatzintepec
20192,1585,San Juan Chilateca
20183,1440,San Juan Bautista Tlachichilco
20189,2937,San Juan Comaltepec
20193,2769,San Juan del Estado
20194,1318,San Juan del Rio
20195,1111,San Juan Diuxi
20210,6153,San Juan Ã‘umi
20219,2705,San Juan Teitipac
20220,2743,San Juan Tepeuxila
20200,3973,San Juan Juquila Mixes
20201,2022,San Juan Juquila Vijanos
20203,3432,San Juan Lachigalla
20208,7118,San Juan Mixtepec Distrito 08
20215,839,San Juan Sayultepec
20209,701,San Juan Mixtepec Distrito 26
20514,1058,Santo Domingo Roayaga
20216,1381,San Juan Tabaa
20218,633,San Juan Teita
20516,5172,Santo Domingo Teojomulco
20517,5871,Santo Domingo Tepuxtepec
20221,1295,San Juan Teposcolula
20524,312,Santo Domingo Yodohino
20525,12641,Santo Domingo Zanatepec
20222,1562,San Juan Yaee
20233,1795,San Lucas Quiavini
20224,615,San Juan Yucuita
20239,1089,San Martin Huamelulpam
20242,12556,San Martin Peras
20225,6357,San Lorenzo
20244,3973,San Martin Toxpalan
20226,2875,San Lorenzo Albarradas
20456,1674,Santiago Cacaloxtepec
20227,16630,San Lorenzo Cacaotepec
20228,843,San Lorenzo Cuaunecuiltitla
20231,3131,San Lucas Camotlan
20234,7710,San Lucas Zoquiapam
20235,3777,San Luis Amatlan
20236,1558,San Marcial Ozolotepec
20237,1402,San Marcos Arteaga
20238,890,San Martin de los Cansecos
20240,2320,San Martin Itunyoso
20241,1115,San Martin Lachila
20243,1885,San Martin Tilcajete
20245,1322,San Martin Zacatepec
20246,648,San Mateo Cajonos
20248,15771,San Mateo del Mar
20250,1182,San Mateo Etlatongo
20251,1183,San Mateo Nejapam
20247,1622,Capulalpam de Mendez
20270,1157,San Miguel Huautla
20255,2106,San Mateo Sindihui
20252,2216,San Mateo PeÃ±asco
20253,1962,San Mateo PiÃ±as
20254,3252,San Mateo Rio Hondo
20276,730,San Miguel Santa Flor
20256,234,San Mateo Tlapiltepec
20258,775,San Miguel Achiutla
20257,1068,San Melchor Betaza
20259,2485,San Miguel Ahuehuetitlan
20260,2291,San Miguel Aloapam
20262,1021,San Miguel Amatlan
20284,3219,San Miguel Tilquiapam
20265,7117,San Miguel Chimalapa
20266,8607,San Miguel del Puerto
20268,1032,San Miguel Ejutla
20269,4389,San Miguel el Grande
20271,3321,San Miguel Mixtepec
20274,1334,San Miguel Piedras
20280,2368,Villa Talea de Castro
20282,749,San Miguel Tenango
20283,1054,San Miguel Tequixtepec
20547,986,Teotongo
20285,3785,San Miguel Tlacamama
20548,1700,Tepelmeme Villa de Morelos
20388,2487,Santa Ines del Monte
20286,3254,San Miguel Tlacotepec
20287,319,San Miguel Tulancingo
20288,625,San Miguel Yotao
20462,4321,Santiago Huajolotitlan
20289,1191,San Nicolas
20292,1448,San Pablo Cuatro Venados
20295,9784,San Pablo Huixtepec
20293,19200,San Pablo Etla
20294,7435,San Pablo Huitzo
20296,925,San Pablo Macuiltianguis
20297,2477,San Pablo Tijaltepec
20299,1110,San Pablo Yaganiza
20298,13199,San Pablo Villa de Mitla
20300,7006,San Pedro Amuzgos
20303,1140,San Pedro Cajonos
20301,1594,San Pedro Apostol
20302,4608,San Pedro Atoyac
20304,771,San Pedro Coxcaltepec Cantaros
20305,4437,San Pedro Comitancillo
20331,928,San Pedro Tidaa
20307,10259,San Pedro Huamelula
20308,3271,San Pedro Huilotepec
20332,375,San Pedro Topiltepec
20310,9333,San Pedro Ixtlahuaca
20311,570,San Pedro Jaltepetongo
20333,2738,San Pedro Totolapam
20312,12760,San Pedro Jicayan
20313,803,San Pedro Jocotipac
20314,1668,San Pedro Juchatengo
20555,3093,Trinidad Zaachila
20315,1727,San Pedro Martir
20316,727,San Pedro Martir Quiechapa
20556,259,La Trinidad Vista Hermosa
20317,1299,San Pedro Martir Yucuxaco
20362,1510,Santa Catarina Cuixtla
20319,1110,San Pedro Mixtepec Distrito 26
20320,702,San Pedro Molinos
20321,750,San Pedro Nopala
20322,847,San Pedro Ocopetatillo
20323,2203,San Pedro Ocotepec
20325,11353,San Pedro Quiatoni
20342,3710,San Raymundo Jalpan
20326,5245,San Pedro Sochiapam
20327,15367,San Pedro Tapanatepec
20328,1251,San Pedro Taviche
20329,1279,San Pedro Teozacoalco
20330,4422,San Pedro Teutila
20335,960,San Pedro Yaneri
20367,4677,Santa Catarina Mechoacan
20336,1819,San Pedro Yolox
20368,2017,Santa Catarina Minas
20338,11426,Villa de Etla
20339,4295,San Pedro y San Pablo Teposcolula
20343,1988,San Sebastian Abasolo
20346,1500,San Sebastian Nicananduta
20344,2802,San Sebastian Coatlan
20345,4222,San Sebastian Ixcapa
20356,2148,Santa Ana del Valle
20357,837,Santa Ana Tavela
20347,3783,San Sebastian Rio Hondo
20348,8531,San Sebastian Tecomaxtlahuaca
26023,6755,Cumpas
20349,2036,San Sebastian Teitipac
20360,3913,Santa Ana Zegache
20350,19272,San Sebastian Tutla
20351,2866,San Simon Almolongas
20540,8024,Villa de Tamazulapam del Progreso
20352,4367,San Simon Zahuatlan
20353,2259,Santa Ana
20354,532,Santa Ana Ateixtlahuaca
20355,740,Santa Ana Cuauhtemoc
20358,2060,Santa Ana Tlapacoyan
20359,923,Santa Ana Yareni
20361,943,Santa Catalina Quieri
20363,2719,Santa Catarina Ixtepeji
20369,2006,Santa Catarina Quiane
20365,1140,Santa Catarina Lachatao
20370,681,Santa Catarina Tayata
20376,377,Santa Cruz de Bravo
20372,1741,Santa Catarina Yosonotu
20373,384,Santa Catarina Zapoquila
20374,1625,Santa Cruz Acatepec
20375,13683,Santa Cruz Amilpas
20379,3063,Santa Cruz Nundaco
20380,2233,Santa Cruz Papalutla
20381,2788,Santa Cruz Tacache de Mina
20382,1151,Santa Cruz Tacahua
20383,624,Santa Cruz Tayata
20403,3255,Santa Maria Coyotepec
20387,2944,Santa Gertrudis
20384,4969,Santa Cruz Xitla
20390,52119,Santa Lucia del Camino
20391,3548,Santa Lucia Miahuatlan
20408,514,Santa Maria del Rosario
20392,6679,Santa Lucia Monteverde
20393,3985,Santa Lucia Ocotlan
20395,1783,Santa Maria Apazco
20396,3384,Santa Maria la Asuncion
20418,13616,Santa Maria Jalapa del Marques
20398,4436,Ayoquezco de Aldama
20399,37206,Santa Maria Atzompa
20400,1683,Santa Maria Camotlan
20402,1104,Santa Maria Cortijo
20419,537,Santa Maria Jaltianguis
20404,769,Santa Maria Chachoapam
20405,2213,Villa de Chilapa de Diaz
20432,957,Santa Maria Temaxcalapa
20409,9409,Santa Maria del Tule
20411,855,Santa Maria Guelace
20436,1028,Santa Maria Texcatitlan
20437,9632,Santa Maria Tlahuitoltepec
20412,3277,Santa Maria Guienagati
20414,11850,Santa Maria Huazolotitlan
20415,5145,Santa Maria Ipalapa
20416,508,Santa Maria Ixcatlan
20420,2010,Santa Maria Lachixio
20421,4837,Santa Maria Mixtequilla
20422,623,Santa Maria Nativitas
20423,509,Santa Maria Nduayaco
20425,2202,Santa Maria Papalo
20518,142,Santo Domingo Tlatayapam
20428,1997,Santa Maria Quiegolani
20429,1519,Santa Maria Sola
20430,386,Santa Maria Tataltepec
21058,20984,Chilchotla
20431,1744,Santa Maria Tecomavaca
22002,28189,Pinal de Amoles
20433,2687,Santa Maria Temaxcaltepec
20438,1760,Santa Maria Tlalixtac
24034,15504,San Vicente Tancuayalab
20434,4419,Santa Maria Teopoxco
24041,20596,Tanlajas
20439,26383,Santa Maria Tonameca
21200,3624,Xochiapulco
20442,288,Santa Maria Yalina
20444,426,Santa Maria Yolotepec
25016,22273,San Ignacio
20443,510,Santa Maria Yavesia
20445,1699,Santa Maria Yosoyua
20446,6475,Santa Maria Yucuhiti
20448,2286,Santa Maria Zaniza
20449,3128,Santa Maria Zoquitlan
20451,928,Santiago Apoala
20453,4113,Santiago Astata
20463,545,Santiago Huauclilla
20454,3128,Santiago Atitlan
20464,373,Santiago Ihuitlan Plumas
20455,2803,Santiago Ayuquililla
20458,990,Santiago Comaltepec
20461,560,Santiago del Rio
20465,1675,Santiago Ixcuintepec
20468,14474,Santiago Jocotepec
20469,37344,Santiago Juxtlahuaca
20471,517,Santiago Lalopa
20472,3524,Santiago Laollaga
20486,2557,Villa Tejupam de la Union
20473,1357,Santiago Laxopa
20474,3398,Santiago Llano Grande
20475,10252,Santiago Matatlan
20476,425,Santiago Miltepec
20493,562,Santiago Tillo
20478,1820,Santiago Nacaltepec
20480,945,Santiago Nundiche
20482,55235,Santiago Pinotepa Nacional
20483,10950,Santiago Suchilquitongo
20497,4470,Santiago Yaitepec
20485,3182,Santiago Tapextla
20487,2116,Santiago Tenango
20488,127,Santiago Tepetlapa
20502,5472,Santiago Zacatepec
20489,5087,Santiago Tetepec
20490,3214,Santiago Texcalcingo
20503,402,Santiago Zoochila
20491,4566,Santiago Textitlan
20494,4904,Santiago Tlazoyaltepec
20496,2153,Santiago Xiacui
20499,2211,Santiago Yolomecatl
20504,1687,Nuevo Zoquiapam
20501,946,Santiago Yucuyachi
20505,8300,Santo Domingo Ingenio
20506,796,Santo Domingo Albarradas
20507,3525,Santo Domingo Armenta
20508,1574,Santo Domingo Chihuitan
20509,11529,Santo Domingo de Morelos
20510,685,Santo Domingo Ixcatlan
20511,3343,Santo Domingo Nuxaa
20512,850,Santo Domingo Ozolotepec
20519,3079,Santo Domingo Tomaltepec
20541,1702,Tanetze de Zaragoza
20520,7210,Santo Domingo Tonala
20521,251,Santo Domingo Tonaltepec
20522,1203,Santo Domingo Xagacia
20523,1618,Santo Domingo Yanhuitlan
20527,2741,Santos Reyes Papalo
20528,1023,Santos Reyes Tepejillo
20529,1352,Santos Reyes Yucuna
20535,2938,San Vicente Lachixio
20530,3724,Santo Tomas Jalieza
20531,2745,Santo Tomas Mazaltepec
20536,447,San Vicente NuÃ±u
20532,3927,Santo Tomas Ocotepec
20537,6872,Silacayoapam
20538,715,Sitio de Xitlapehua
20533,2329,Santo Tomas Tamazulapan
20539,5930,Soledad Etla
20534,4062,San Vicente Coatlan
20542,833,Taniche
20544,981,Teococuilco de Marcos Perez
20546,6082,Teotitlan del Valle
20545,10338,Teotitlan de Flores Magon
20550,5745,San Jeronimo Tlacochahuaya
20558,1464,Valerio Trujano
20551,24027,Tlacolula de Matamoros
20552,466,Tlacotepec Plumas
20553,10912,Tlalixtac de Cabrera
20561,2935,Yaxe
20562,1601,Magdalena Yodocono de Porfirio Diaz
20554,5577,Totontepec Villa de Morelos
20568,1494,Zapotitlan Palmas
20557,16061,Union Hidalgo
20559,23370,San Juan Bautista Valle Nacional
20560,6980,Villa Diaz Ordaz
20563,1290,Yogana
20569,1672,Santa Ines de Zaragoza
20570,20892,Zimatlan de Alvarez
21001,69076,Acajete
21002,9700,Acateno
21003,37718,Acatlan
21004,62477,Acatzingo
21005,3132,Acteopan
21006,16753,Ahuacatlan
21007,3428,Ahuatlan
21008,12082,Ahuazotepec
21009,1893,Ahuehuetitla
21010,70090,Ajalpan
21011,1907,Albino Zertuche
21012,6920,Aljojuca
21013,22578,Altepexi
21014,5245,Amixtlan
21015,125961,Amozoc
21016,9196,Aquixtla
20564,1200,Yutanduchi de Guerrero
20565,46846,Villa de Zaachila
20566,3159,San Mateo Yucutindoo
21059,2408,Chinantla
21060,7936,Domingo Arenas
21061,13471,Eloxochitlan
21062,5100,Epatlan
21063,15794,Esperanza
21064,17984,Francisco Z. Mena
21065,21893,General Felipe Angeles
21066,6121,Guadalupe
21067,18052,Guadalupe Victoria
21068,8157,Hermenegildo Galeana
21069,26310,Huaquechula
21070,6848,Huatlatlauca
20567,3268,Zapotitlan Lagunas
21073,8989,Huehuetlan el Chico
21074,78403,Huejotzingo
21075,13559,Hueyapan
21076,27794,Hueytamalco
21077,5785,Hueytlalpan
21078,15926,Huitzilan de Serdan
21079,5807,Huitziltepec
21020,7418,Atoyatempan
21021,1390,Atzala
26038,5400,Moctezuma
21028,2789,Camocuautla
21029,3932,Caxhuacan
21030,795,Coatepec
21034,43151,Coronango
26039,6756,Naco
21038,10686,Cuapiaxtla de Madero
21039,9886,Cuautempan
21040,10918,Cuautinchan
21041,126781,Cuautlancingo
21042,3296,Cuayuca de Andrade
21043,51238,Cuetzalan del Progreso
21044,16688,Cuyoaco
21045,50167,Chalchicomula de Sesma
21046,8254,Chapulco
21047,21127,Chiautla
21048,21492,Chiautzingo
21049,17625,Chiconcuautla
21050,27408,Chichiquila
21051,36514,Chietla
21052,1259,Chigmecatitlan
21053,66338,Chignahuapan
21054,36244,Chignautla
21055,4862,Chila
21056,1498,Chila de la Sal
21057,8363,Honey
21080,2817,Atlequizayan
21084,7501,Ixtepec
21085,82453,Izucar de Matamoros
21086,12830,Jalpan
21087,13814,Jolalpan
21088,4833,Jonotla
21089,13788,Jopala
21090,22555,Juan C. Bonilla
26041,14231,Nacozari de Garcia
21091,11422,Juan Galindo
26042,177079,Navojoa
21095,594,La Magdalena Tlatlauquitepec
30092,40406,Xico
21097,2501,Mixtla
21099,20442,CaÃ±ada Morelos
21100,10494,Naupan
21101,3644,Nauzontla
21102,13190,Nealtican
21103,6672,Nicolas Bravo
21104,33027,Nopalucan
21105,5066,Ocotepec
21106,29976,Ocoyucan
21107,12372,Olintla
21108,19352,Oriental
21109,23302,Pahuatlan
21110,48935,Palmar de Bravo
21111,19514,Pantepec
21112,10239,Petlalcingo
21113,4631,Piaxtla
21114,1698509,Puebla
21115,54012,Quecholac
21116,23329,Quimixtlan
26031,1411,Huachinera
30176,5182,Tlacojalpan
21117,14754,Rafael Lara Grajales
21125,9608,San Gregorio Atzompa
21131,939,San Juan Atzompa
21132,162438,San Martin Texmelucan
26048,72279,Puerto PeÃ±asco
26049,3120,Quiriego
29047,3282,Lazaro Cardenas
29048,19967,La Magdalena Tlaltelulco
21118,29171,Los Reyes de Juarez
21124,16701,San Gabriel Chilac
21201,3496,Xochiltepec
21202,13403,Xochitlan de Vicente Suarez
21203,6819,Xochitlan Todos Santos
21204,8478,Yaonahuac
21205,26450,Yehualtepec
21206,4666,Zacapala
21207,58800,Zacapoaxtla
21208,87692,Zacatlan
21209,8979,Zapotitlan
21210,5936,Zapotitlan de Mendez
21211,17284,Zaragoza
21212,20226,Zautla
21213,14075,Zihuateutla
21133,674,San Martin Totoltepec
21134,21644,San Matias Tlalancaleca
21135,537,San Miguel Ixitlan
21136,13310,San Miguel Xoxtla
21137,10491,San Nicolas Buenos Aires
21138,12430,San Nicolas de los Ranchos
21139,3778,San Pablo Anicano
21140,139635,San Pedro Cholula
21141,3520,San Pedro Yeloixtlahuaca
21142,32230,San Salvador el Seco
21143,33443,San Salvador el Verde
22001,68441,Amealco de Bonfil
21144,15860,San Salvador Huixcolotla
22004,76829,Cadereyta de Montes
22005,69112,Colon
22006,208076,Corregidora
22007,45877,Ezequiel Montes
22008,42305,Huimilpan
22009,29625,Jalpan de Serra
22010,20313,Landa de Matamoros
22011,178672,El Marques
22012,76411,Pedro Escobedo
22013,21988,PeÃ±amiller
22014,976939,Queretaro
22015,10323,San Joaquin
22016,301541,San Juan del Rio
22017,78742,Tequisquiapan
22018,31465,Toliman
23001,101106,Cozumel
23002,93104,Felipe Carrillo Puerto
23003,23070,Isla Mujeres
23004,265298,Othon P. Blanco
23005,844698,Benito Juarez
21151,9100,Santo Tomas Hueyotlipan
21152,13062,Soltepec
21153,23518,Tecali de Herrera
21154,81930,Tecamachalco
21155,6052,Tecomatlan
21156,339077,Tehuacan
21157,11865,Tehuitzingo
21158,7527,Tenampulco
21159,3938,Teopantlan
21160,3336,Teotlalco
21161,21821,Tepanco de Lopez
21162,4349,Tepango de Rodriguez
21163,18470,Tepatlaxco de Hidalgo
21164,85594,Tepeaca
21165,1158,Tepemaxalco
21166,9003,Tepeojuma
21167,12058,Tepetzintla
21168,7196,Tepexco
21169,22408,Tepexi de Rodriguez
21170,18007,Tepeyahualco
24023,16295,Rayon
24024,98982,Rioverde
24025,33222,Salinas
24026,9765,San Antonio
24027,10793,San Ciro de Acosta
24028,870578,San Luis Potosi
24029,22089,San Martin Chalchicuautla
24030,5396,San Nicolas Tolentino
24031,12287,Santa Catarina
24032,41789,Santa Maria del Rio
24033,12592,Santo Domingo
21171,3794,Tepeyahualco de Cuauhtemoc
21172,29767,Tetela de Ocampo
21173,6283,Teteles de Avila Castillo
21174,104906,Teziutlan
21175,13396,Tianguismanalco
21176,9094,Tilapa
21177,55208,Tlacotepec de Benito Juarez
21178,17687,Tlacuilotepec
21179,30963,Tlachichuca
21180,42437,Tlahuapan
21181,7485,Tlaltenango
24035,328949,Soledad de Graciano Sanchez
24036,31591,Tamasopo
24037,100187,Tamazunchale
24038,16172,Tampacan
24039,16069,Tampamolon Corona
24040,40732,Tamuin
21182,5299,Tlanepantla
21183,21336,Tlaola
21184,6860,Tlapacoya
21185,8960,Tlapanala
21186,57203,Tlatlauquitepec
21187,5665,Tlaxco
21188,18990,Tochimilco
21189,22451,Tochtepec
21190,1283,Totoltepec de Guerrero
21191,9993,Tulcingo
21192,6767,Tuzamapan de Galeana
21193,7427,Tzicatlacoyan
21194,31183,Venustiano Carranza
21195,25910,Vicente Guerrero
21196,1665,Xayacatlan de Bravo
21197,86069,Xicotepec
21198,1276,Xicotlan
21199,42668,Xiutetelco
21214,18089,Zinacatepec
21215,5240,Zongozotla
21216,2583,Zoquiapan
21217,19699,Zoquitlan
23006,42799,Jose Maria Morelos
23010,45083,Bacalar
24001,19020,Ahualulco
24002,8682,Alaquines
24003,50884,Aquismon
24004,4313,Armadillo de los Infante
24042,15866,Tanquian de Escobedo
24043,9596,Tierra Nueva
24005,19719,Cardenas
24006,10209,Catorce
24048,5600,Villa de la Paz
24007,20098,Cedral
25017,94901,Sinaloa
25018,160045,Navolato
26001,3025,Aconchi
26002,88530,Agua Prieta
26003,27922,Alamos
26004,10309,Altar
24014,16224,Coxcatlan
24018,16719,Huehuetlan
24020,104218,Matehuala
24021,59381,Mexquitic de Carmona
24022,20338,Moctezuma
24044,8032,Vanegas
24045,15226,Venado
24049,39037,Villa de Ramos
24050,51531,Villa de Reyes
24054,54251,Xilitla
24055,27163,Zaragoza
24056,16056,Villa de Arista
26005,1284,Arivechi
24058,23108,El Naranjo
25001,480654,Ahome
25002,50579,Angostura
25003,32022,Badiraguato
25004,29379,Concordia
25005,17211,Cosala
25006,962871,Culiacan
25007,34547,Choix
25008,59057,Elota
25009,62697,Escuinapa
25010,108251,El Fuerte
25011,316217,Guasave
25012,533733,Mazatlan
25013,48313,Mocorito
25014,56992,Rosario
25015,86932,Salvador Alvarado
26007,638,Atil
26010,1537,Bacerac
26009,862,Bacanora
26019,38103,Cananea
26027,9356,Fronteras
26020,5305,Carbo
26021,2122,La Colorada
26028,1170,Granados
26030,946054,Hermosillo
26032,990,Huasabas
26034,1091,Huepac
26035,13843,Imuris
26037,1324,Mazatan
26043,253486,Nogales
26044,493,Onavas
26046,432,Oquitoa
26047,10159,Pitiquito
26050,1653,Rayon
26053,449,San Felipe de Jesus
26054,679,San Javier
26061,1474,Soyopa
26056,10070,San Miguel de Horcasitas
26063,1515,Tepache
26057,1648,San Pedro de la Cueva
26059,2031,Santa Cruz
26060,1736,Saric
28028,3738,Nuevo Morelos
26065,1329,Tubutama
28036,1100,San Nicolas
26066,9577,Ures
26067,1693,Villa Hidalgo
26068,1263,Villa Pesqueira
26070,18481,General Plutarco Elias Calles
27002,276096,Cardenas
27003,117902,Centla
27004,739611,Centro
27005,217559,Comalcalco
27006,148165,Cunduacan
27007,32992,Emiliano Zapata
27008,200660,Huimanguillo
27009,41267,Jalapa
27010,94252,Jalpa de Mendez
27011,32829,Jonuta
27012,177047,Macuspana
27013,149256,Nacajuca
27014,101901,Paraiso
27015,52105,Tacotalpa
27016,62448,Teapa
27017,63851,Tenosique
28001,12768,Abasolo
28002,30886,Aldama
28003,255602,Altamira
28004,10384,Antiguo Morelos
28006,8446,Bustamante
28009,223413,Ciudad Madero
28017,16350,Jaumave
29054,6031,San Lorenzo Axocomanitla
28018,8538,Jimenez
28019,17892,Llera
28020,2684,Mainero
28021,125639,El Mante
28022,546115,Matamoros
28023,4140,Mendez
28024,4434,Mier
28025,29033,Miguel Aleman
28026,3817,Miquihuana
28027,421295,Nuevo Laredo
30079,11998,Ixhuacan de los Reyes
30080,23980,Ixhuatlan del Cafe
30081,27351,Ixhuatlancillo
28029,14524,Ocampo
28030,14808,Padilla
28031,1840,Palmillas
28032,686670,Reynosa
28033,133206,Rio Bravo
28034,9433,San Carlos
28035,59215,San Fernando
30082,16524,Ixhuatlan del Sureste
30083,56503,Ixhuatlan de Madero
30084,6067,Ixmatlahuacan
30085,72556,Ixtaczoquitlan
30086,46453,Jalacingo
30087,513443,Xalapa
30088,5378,Jalcomulco
30089,43828,Jaltipan
30090,11971,Jamapa
30091,30389,Jesus Carranza
28040,67965,Valle Hermoso
28041,367051,Victoria
28042,6563,Villagran
28043,25174,Xicotencatl
29001,12018,Amaxac de Guerrero
29002,16266,Apetatitlan de Antonio Carvajal
29003,7030,Atlangatepec
29004,18578,Altzayanca
29005,85176,Apizaco
29006,51966,Calpulalpan
29007,18281,El Carmen Tequexquitla
29008,16363,Cuapiaxtla
29009,5720,Cuaxomulco
29010,77435,Chiautempan
29011,4905,MuÃ±oz de Domingo Arenas
29012,9409,EspaÃ±ita
29013,100247,Huamantla
29014,15578,Hueyotlipan
29019,22733,Tepetitla de Lardizabal
29027,13938,Tenancingo
29034,45726,Tlaxco
30115,39768,Nogales
29035,6306,Tocatlan
29036,24161,Totolac
29037,9486,Ziltlaltepec de Trinidad Sanchez Santos
29038,18563,Tzompantepec
29039,25784,Xaloztoc
29040,11627,Xaltocan
29041,32591,Papalotla de Xicohtencatl
30166,10147,Tepetlan
30167,15415,Tepetzintla
30168,15968,Tequila
30169,24096,Jose Azueta
30170,11527,Texcatepec
30171,5630,Texhuacan
30172,21798,Texistepec
30173,59388,Tezonapa
30174,110811,Tierra Blanca
30175,100967,Tihuatlan
29042,14770,Xicohtzinco
29045,6446,Benito Juarez
31020,4805,Chicxulub Pueblo
31021,8960,Chichimila
29057,4944,Santa Apolonia Teacalco
29049,6022,San Damian Texoloc
29051,4107,San Jeronimo Zacualpan
29053,8053,San Juan Huactzinco
29056,8337,Santa Ana Nopalucan
31024,3500,Chumayel
30041,2373,Coetzala
30057,14791,Chiconquiaco
30058,58611,Chicontepec
29058,9500,Santa Catarina Ayometla
29059,7664,Santa Cruz Quilehtla
30059,17075,Chinameca
30060,17492,Chinampa de Gorostiza
29060,5367,Santa Isabel Xiloxoxtla
30061,85144,Las Choapas
30062,22053,Chocaman
30063,15234,Chontla
30002,3344,Acatlan
30003,91195,Acayucan
30004,45818,Actopan
30005,5690,Acula
30006,23921,Acultzingo
30007,6820,Camaron de Tejeda
30008,10563,Alpatlahuac
30009,30740,Alto Lucero de Gutierrez Barrios
30010,68340,Altotonga
30011,56635,Alvarado
30018,1969,Aquila
30027,18423,Benito Juarez
30028,152810,Boca del Rio
30029,13500,Calcahualco
30030,44880,Camerino Z. Mendoza
30031,17803,Carrillo Puerto
30032,52134,Catemaco
30033,24958,Cazones de Herrera
30034,28541,Cerro Azul
30035,12474,Citlaltepetl
30036,10965,Coacoatzintla
30037,8852,Coahuitlan
30038,97949,Coatepec
30039,339108,Coatzacoalcos
30040,59863,Coatzintla
30165,8888,Tepatlaxco
30064,4095,Chumatlan
32036,45302,Ojocaliente
30074,7636,Huiloapan de Cuauhtemoc
30075,18267,Ignacio de la Llave
30076,14240,Ilamatlan
30077,45440,Isla
30078,14148,Ixcatepec
30096,1671,Landero y Coss
30098,3240,Magdalena
30107,3130,Las Minas
30108,164357,Minatitlan
30109,67752,Misantla
30110,12205,Mixtla de Altamirano
30111,18117,Moloacan
30112,22956,Naolinco
30113,4817,Naranjal
30114,11519,Nautla
30116,17291,Oluta
30118,134420,Orizaba
30119,5971,Otatitlan
30120,17084,Oteapan
30125,33345,Paso del Macho
30126,35445,Paso de Ovejas
30127,28959,La Perla
30128,76977,Perote
30129,19132,Platon Sanchez
30130,39712,Playa Vicente
30131,217773,Poza Rica de Hidalgo
30133,60978,Pueblo Viejo
30134,23890,Puente Nacional
30135,24439,Rafael Delgado
30136,8510,Rafael Lucio
30138,44568,Rio Blanco
30140,3097,San Andres Tenejapan
30141,173149,San Andres Tuxtla
30142,35607,San Juan Evangelista
30143,60542,Santiago Tuxtla
30144,34331,Sayula de Aleman
30145,17083,Soconusco
30146,3839,Sochiapa
30147,24269,Soledad Atzompa
30148,29150,Soledad de Doblado
30149,36043,Soteapan
30150,12233,Tamalin
30151,24459,Tamiahua
30152,13099,Tampico Alto
30153,6072,Tancoco
30154,13662,Tantima
30155,109017,Tantoyuca
30156,6179,Tatatila
30157,20752,Castillo de Teayo
30158,25352,Tecolutla
30159,27267,Tehuipango
30160,110365,Alamo Temapache
30161,37410,Tempoal
30162,7081,Tenampa
30163,5425,Tenochtitlan
30164,17551,Teocelo
30185,5584,Tlilapan
30190,2358,Tuxtilla
30192,21319,Vega de Alatorre
30193,626918,Veracruz
30194,12406,Villa Aldama
30196,18981,Yanga
30197,12549,Yecuatla
30198,7530,Zacualpan
30199,11884,Zaragoza
30206,31215,Nanchital de Lazaro Cardenas del Rio
31001,7035,Abala
31002,17390,Acanceh
31003,11877,Akil
31004,6406,Baca
31005,2349,Bokoba
31049,3901,Mayapan
31007,7768,Cacalchen
31009,4994,Cansahcab
31055,7249,Opichen
31056,33191,Oxkutzcab
31057,8254,Panaba
31010,2684,Cantamayec
31012,4194,Cenotillo
31013,11891,Conkal
31014,1724,Cuncunul
31015,5555,Cuzama
31016,3197,Chacsinkin
31018,3388,Chapab
31022,4448,Chikindzonot
31064,1829,Sanahcat
31023,5070,Chochola
31025,5690,Dzan
31026,3981,Dzemul
31027,8874,Dzidzantun
31031,2840,Dzoncauich
31033,21620,Halacho
31034,6607,Hocaba
31035,6358,Hoctun
31037,5578,Huhi
31038,34856,Hunucma
31039,4390,Ixil
31041,108918,Kanasin
31042,5813,Kantunil
31072,1963,Suma
31043,3307,Kaua
31044,7657,Kinchil
31045,2726,Kopoma
31046,3371,Mama
31048,24331,Maxcanu
31073,5375,Tahdziu
31051,3513,Mococha
31053,13571,Muna
31100,3963,Ucu
31054,3074,Muxupip
32017,199581,Guadalupe
32018,4263,Huanusco
32019,25422,Jalpa
32020,63035,Jerez
32021,4464,Jimenez del Teul
32022,22780,Juan Aldama
32023,13357,Juchipila
32024,56515,Loreto
32025,13948,Luis Moya
32026,18464,Mazapil
32027,3112,Melchor Ocampo
32028,2605,Mezquital del Oro
32029,24847,Miguel Auza
32030,2542,Momax
32031,9708,Monte Escobedo
32032,13120,Morelos
32033,4217,Moyahua de Estrada
32034,29353,Nochistlan de Mejia
32035,17636,Noria de Angeles
31060,1028,Quintana Roo
31062,5157,Sacalum
31063,5540,Samahil
32057,20285,Trancoso
31068,3377,Sinanche
31070,4204,Sucila
31074,3982,Tahmek
31075,7031,Teabo
31076,18791,Tecoh
31077,2845,Tekal de Venegas
31078,4049,Tekanto
31080,10974,Tekit
31082,4051,Telchac Pueblo
31083,1912,Telchac Puerto
31086,2372,Tepakan
31087,5419,Tetiz
31088,2091,Teya
31090,7877,Timucuy
31094,5200,Tixmehuac
31095,5922,Tixpehual
31097,3751,Tunkas
31103,3722,Xocchel
31105,3377,Yaxkukul
31106,2426,Yobain
32003,2621,Atolinga
32004,4307,Benito Juarez
32005,47377,Calera
32006,8712,CaÃ±itas de Felipe Pescador
32007,13933,Concepcion del Oro
32008,13230,Cuauhtemoc
32009,11842,Chalchihuites
32010,242826,Fresnillo
32011,3022,Trinidad Garcia de la Cadena
32012,8559,Genaro Codina
32013,6620,General Enrique Estrada
32014,22792,General Francisco R. Murguia
32015,1340,El Plateado de Joaquin Amaro
32016,24286,General Panfilo Natera
32041,2528,El Salvador
32052,20167,Villa Garcia
32053,13945,Villa Gonzalez Ortega
32054,20177,Villa Hidalgo
32055,31804,Villanueva
32056,155533,Zacatecas
32058,2855,Santa Maria de la Paz
